account_#,room_name,bay_number,bay_label,product_code,product_name,category,display_type,is_double_rack,rack_type,level_number,tier_level,shelf_slot_position,wall_zone,pos_x_ft,pos_y_ft,orientation_deg,status,notes
1001,Main Selection Room,1,Bay 1 - Entrance Feature,147959,Z64 824 DH Classic Gold,Caskets & Containers - Metal,Full Casket,No,Single Rack,1,Floor,1,North Wall,4,20,0,Active,Premier entrance showcase feature
1001,Main Selection Room,2,Bay 2 - North Wall (Bottom),280178,Z65 8J3 D DaVinci Bronze,Caskets & Containers - Metal,Full Casket,Yes,Yes,1,Double Rack - Bottom,1,North Wall,11,20,0,Active,Double rack lower bunk with LifeSymbols medallions
1001,Main Selection Room,2,Bay 2 - North Wall (Top),147862,O39 884 IDH Aegean Bronze,Caskets & Containers - Metal,Full Casket,Yes,Double Rack,2,Double Rack - Top,1,North Wall,11,20,0,Active,Double rack upper bunk with Living Memorial display tag
1001,Main Selection Room,3,Bay 3 - North Wall (Bottom),185493,UG1 828 CDH Golden Sand,Caskets & Containers - Metal,Full Casket,Yes,Double Rack,1,Double Rack - Bottom,1,North Wall,18,20,0,Active,Double rack lower bunk - Stainless steel seller
1001,Main Selection Room,3,Bay 3 - North Wall (Top),185491,UG1 828 CDH Silver Sapphire,Caskets & Containers - Metal,Full Casket,Yes,Double Rack,2,Double Rack - Top,1,North Wall,18,20,0,Active,Double rack upper bunk - Velvet-Charpente interior
1001,Main Selection Room,4,Bay 4 - East Wall,146876,5ZZ 865 HD Barkley Oak,Burial Solutions - Wood,Full Casket,No,Single Rack,1,Floor,1,East Wall,28,16,270,Active,Solid American oak natural satin
1001,Main Selection Room,5,Bay 5 - East Wall (Bottom),239372,521 8J3 CHD Warren Oak,Burial Solutions - Wood,Full Casket,Yes,Double Rack,1,Double Rack - Bottom,1,East Wall,28,10,270,Active,Hardwood selection double rack lower level
1001,Main Selection Room,5,Bay 5 - East Wall (Top),246687,5RG 828 HD Cambridge Oak,Burial Solutions - Wood,Full Casket,Yes,Double Rack,2,Double Rack - Top,1,East Wall,28,10,270,Active,Hardwood selection double rack upper level
1001,Main Selection Room,6,Bay 6 - South Wall,147733,A37 833 D Sierra,Caskets & Containers - Metal,Full Casket,No,Single Rack,1,Floor,1,South Wall,24,2,180,Active,18 Gauge protective steel
1001,Main Selection Room,7,Bay 7 - South Wall,218068,P89 899 D Pieta Star Quartz,Caskets & Containers - Metal,Full Casket,No,Single Rack,1,Floor,1,South Wall,6,2,180,Active,Religious Pieta corner hardware
1001,Main Selection Room,8,Pedestal 1 - Center,147929,Y35 625 DH Mediterranean Copper,Caskets & Containers - Metal,Quarter Couch,No,Pedestal,1,Raised Platform,1,Center Island,12,11,0,Active,Quarter-couch modular display unit
1001,Main Selection Room,9,Pedestal 2 - Center,147930,Y35 825 DH Mediterranean Copper,Caskets & Containers - Metal,Quarter Couch,No,Pedestal,1,Raised Platform,1,Center Island,18,11,0,Active,Quarter-couch modular display unit
1001,Main Selection Room,10,Urn Wall Gallery - Bay 10,279180,Continuum Cherry Mantel Clock Urn,Cremation Solutions - Urns,Urn Wall Unit,No,Urn Multi-Shelf Unit,1,Shelf 1 (Bottom),1,West Wall,2,6,90,Active,Multi-level urn unit: Bottom shelf slot 1
1001,Main Selection Room,10,Urn Wall Gallery - Bay 10,279181,Bradbury Pecan Full Size Urn,Cremation Solutions - Urns,Urn Wall Unit,No,Urn Multi-Shelf Unit,1,Shelf 1 (Bottom),2,West Wall,2,6,90,Active,Multi-level urn unit: Bottom shelf slot 2
1001,Main Selection Room,10,Urn Wall Gallery - Bay 10,279182,Milano Floral Bronze Cast Urn,Cremation Solutions - Urns,Urn Wall Unit,No,Urn Multi-Shelf Unit,2,Shelf 2 (Middle),1,West Wall,2,6,90,Active,Multi-level urn unit: Middle shelf slot 1
1001,Main Selection Room,10,Urn Wall Gallery - Bay 10,279183,Ashen Pewter Engraved Urn,Cremation Solutions - Urns,Urn Wall Unit,No,Urn Multi-Shelf Unit,2,Shelf 2 (Middle),2,West Wall,2,6,90,Active,Multi-level urn unit: Middle shelf slot 2
1001,Main Selection Room,10,Urn Wall Gallery - Bay 10,279184,Meadow Green Cloisonne Urn,Cremation Solutions - Urns,Urn Wall Unit,No,Urn Multi-Shelf Unit,3,Shelf 3 (Top),1,West Wall,2,6,90,Active,Multi-level urn unit: Top shelf slot 1
1001,Main Selection Room,10,Urn Wall Gallery - Bay 10,279185,Blue Butterfly Cloisonne Urn,Cremation Solutions - Urns,Urn Wall Unit,No,Urn Multi-Shelf Unit,3,Shelf 3 (Top),2,West Wall,2,6,90,Active,Multi-level urn unit: Top shelf slot 2
1001,Main Selection Room,11,Urn Pedestal - Tower A,279186,Cameo Bell Bronze Keepsake,Cremation Solutions - Urns,Urn Pedestal,No,Urn Tower,1,Tier 1 (Lower),1,West Wall,2,14,90,Active,Urn tower tiered pedestal level 1
1001,Main Selection Room,11,Urn Pedestal - Tower A,279187,Blue Sapphire Keepsake Heart,Cremation Solutions - Urns,Urn Pedestal,No,Urn Tower,2,Tier 2 (Upper),1,West Wall,2,14,90,Active,Urn tower tiered pedestal level 2
919742,Main Selection Room,1,Bay 1 - Entrance Feature,147719,A21 879 DH Neopolitan Blue,Burial - Metal,Full Casket,Yes,Double Rack,1,Double Rack - Bottom,1,North Wall,5.5,18,180,Active,Non-Core Line Casket
919742,Main Selection Room,1,Bay 1 - Entrance Feature,52-417-103,FERGUS PC,Burial - Wood,Full Casket,Yes,Double Rack,2,Double Rack - Top,1,North Wall,5.5,18,180,Active,Victoriaville Casket
